Description,Category
(Reversal),Other
-Kiwi.com-,Other
100 MONTADITOS,Restaurants
111 Lex Liquors Inc,Groceries
201 restaurant,Restaurants
20th Ave Farmer,Groceries
3-AVENUE C SECURE PAY,Groceries
3-AVENUE C SECURE PAY TROY MI 06/27,Other
3-AVENUE C SECURE PAY TROY MI 07/09,Other
3-AVENUE C SECURE PAY TROY MI 07/16,Other
3-AVENUE C SECURE PAY TROY MI 07/19,Other
3-AVENUE C SECURE PAY TROY MI 07/24,Other
3-AVENUE C SECURE PAY TROY MI 08/06,Other
3-AVENUE C SECURE PAY TROY MI 08/07,Other
"3-AVENUE C SECURE TROY, MI #000000190021",Groceries
"3-AVENUE C SECURE TROY, MI #000000190022",Groceries
"3-AVENUE C SECURE TROY, MI #000000190031",Groceries
"3-AVENUE C SECURE TROY, MI #000000190091",Groceries
"3-AVENUE C SECURE TROY, MI #000000190093",Groceries
"3-AVENUE C SECURE TROY, MI #000000190102",Groceries
"3-AVENUE C SECURE TROY, MI #000000190103",Groceries
30837 NYSC ASTORIA,Gym
30th Ave Fruit Market Inc,Groceries
400 FIFTH AVENUE BAKERY L,Food
67 Orange Street,Other
7-ELEVEN 36477,Groceries
7-Eleven,Groceries
921 WESTERLY LIQUOR CORP,Alcohol
A & D GRILL & DELI,Food
A Dollar,Shopping
A Newkirk A,Other
ABARROTES ROMA,Groceries
ABC*NYSC,Gym
ACO AICM ALFA BAR T2,Bars
AGED RESTAURANT,Restaurants
ALIMERKA EL ROSAL (OV ,Coffee Shops
ALIMERKA MU?OZ DEGRAI ,Other
ALLBIRDS,Clothing
ALPINE CINEMAS,Entertainment
AMERICAN AIR0012377903239,Travel
AMPLE HILLS - ASTORIA,Food
AMTRAK .1290745073268 WASHINGTON DCNAME: VAZQUEZ/PABLO DEPART:05/27/2023 NYP TO PHL: 2V: CLASS:YC : STOP: ,Other
AMZN Mktp US*0B8KP3TZ3,Shopping
AMZN Mktp US*0I7PH8K93,Shopping
AMZN Mktp US*2O4FZ6BR3,Shopping
AMZN Mktp US*8O5YZ14S3,Coffee Shops
AMZN Mktp US*AU1CU0493,Coffee Shops
AMZN Mktp US*CR6DJ80C3,Coffee Shops
AMZN Mktp US*FT6DA7W23,Coffee Shops
AMZN Mktp US*H224E4NS0,Coffee Shops
AMZN Mktp US*H262W45D1,Coffee Shops
AMZN Mktp US*H26V00BV1,Coffee Shops
AMZN Mktp US*HC9U61P61,Coffee Shops
AMZN Mktp US*IF2FU7D93,Coffee Shops
AMZN Mktp US*P15149RE3,Coffee Shops
AMZN Mktp US*QK29F9UN3,Coffee Shops
ANGELINA BAKERY TIMES SQU,ATM
AREA 53 (DUMBO),Other
ASIA ON MART,Groceries
AT&T,Utilities
ATHLETICGRE,Gym
ATM CASH DEPOSIT 02/08 3105 30TH AVE ASTORIA NY,ATM
ATM CASH DEPOSIT 09/08 3105 30TH AVE ASTORIA NY,ATM
ATM CASH DEPOSIT 10/18 3 TIMES S Q NEW YORK NY,ATM
ATM CASH DEPOSIT 11/15 3 TIMES S Q NEW YORK NY,ATM
ATM CHECK DEPOSIT 01/03 3105 30T H AVE ASTORIA NY,ATM
ATM CHECK DEPOSIT 01/06 3105 30T H AVE ASTORIA NY,ATM
ATM CHECK DEPOSIT 01/11 3105 30T H AVE ASTORIA NY,ATM
ATM CHECK DEPOSIT 09/27 3105 30T H AVE ASTORIA NY,ATM
ATM CHECK DEPOSIT 10/18 3 TIMES SQ NEW YORK NY,ATM
ATM CHECK DEPOSIT 11/15 3 TIMES SQ NEW YORK NY,ATM
ATM CHECK DEPOSIT 11/23 413 86TH ST BROOKLYN NY,ATM
ATM Cash Deposit,ATM
ATM Cash Deposit 221 Canal Street,Other
ATM Cash Deposit 51 West 51st Street,Other
ATM Cash Deposit 7427 5th Avenue,ATM
ATM Cash Deposit 8515 5th Avenue,ATM
ATM Deposit,ATM
ATM Deposit Thave,ATM
ATM Deposit Washington,ATM
ATM Fee,Cashback
ATM Fee Rebate,Cashback
ATM Fee Refund,Cashback
ATM WITHDRAWAL 002500 05/203818 BROA,ATM
ATM WITHDRAWAL 002585 07/10231 GRAND,ATM
ATM WITHDRAWAL 003047 05/141251 AVEN,ATM
ATM WITHDRAWAL 003895 11/293105 30TH,ATM
ATM WITHDRAWAL 004039 07/10231 GRAND,ATM
ATM WITHDRAWAL 005512 12/16349 5TH A,Food
ATM WITHDRAWAL 006057 12/313105 30TH,ATM
ATM WITHDRAWAL 006412 11/23413 86TH,ATM
ATM WITHDRAWAL 006722 07/24231 GRAND,ATM
ATM WITHDRAWAL 006959 07/151251 AVEN,ATM
ATM WITHDRAWAL 007304 05/187427 5TH,ATM
ATM WITHDRAWAL 007712 04/153105 30TH,ATM
ATM WITHDRAWAL 007905 03/26231 GRAND,ATM
ATM WITHDRAWAL 008317 04/28180 CANAL,ATM
ATM WITHDRAWAL 009986 12/113105 30TH,ATM
ATM Withdrawal,ATM
ATM Withdrawal 0351 West 51st,ATM
ATM Withdrawal 5th,ATM
ATM Withdrawal 8th,ATM
ATM Withdrawal Grand,ATM
AUNT GINNY'S,Other
AUSTIN AIRPORT-F&B,Restaurants
AUTOMATIC PAYMENT - THANK,Fees
AUTOPAY 230429124438632RAUTOPAY AUTO-PMT,Other
AVENUE CAFE,Restaurants
Aaron Faber Repairs,Auto
Ab Sushi,Restaurants
Academia Barilla Restau,Restaurants
Academia Barilla Restaur,Restaurants
Account Maintenance Fee,Fees
Act Philosophy,Other
Act Philosophy Ca,Other
Adjustment,Other
Aeromexico,Travel
Aerop Adolfo Suarez M,Other
Aeroporto De Lisboa,Travel
Aerosoles,Clothing
Aesophk,Other
Afghan Store,Alcohol
Airbnb,Travel
Alan,Other
Aldo,Clothing
Aldo Us,Clothing
Aldo Us Brooklyn,Clothing
Aldo Usa,Clothing
Alimerka Glez Besada,Groceries
Alpine Cinemas,Entertainment
Alumnae Affairs Barna,Education
Am Bar,Bars
Amazon,Shopping
Amazon Kindle,Education
Amazon.com,Shopping
Amazon.com*1R9FJ6GP1,Shopping
Amazon.com*487FC4Q53,Shopping
Amazon.com*5Q2HC6IF3,Shopping
Amazon.com*H14X659U3,Shopping
Amazon.com*HA37F1PR3,Shopping
Amazon.com*HE31958V2,Shopping
Amazon.com*HZ5Q35O10,Shopping
Amazon.com*VS8UI2IL3,Shopping
American,Other
American Airlines,Transportation
American Greetings,Gifts
American Heart,Charity
Amici,Restaurants
Amorino T Dis,Food
Amsterdam Billards Ny,Entertainment
Ana Koordi Shoe Corp,Clothing
Ann Taylor,Clothing
Antika,Other
Aperture,Other
Apple,Technology
Aramark,Food
Arby's,Other
Armani Exchange,Clothing
Arriba Arriba Mexican Rest,Restaurants
Asia Society,Entertainment
Asiancolumb Asi,Other
Associated Supermarket,Groceries
Associates,Other
Athleticgre,Gym
Atlas Paints Plus,Home
Au Bon Pain,Restaurants
Auntie Anne Nj,Food
Autonautics International Schl,Education
Avanti Markets,Groceries
Avanti Markets Work,Groceries
"Avanti Markets, Inc.",Groceries
Avenue C Market Vending Machine,Food
Avenue C Secure,Other
Avonfoundat Ca,Other
Axa Equitable Dir,Insurance
Axa Equitable Li,Insurance
Azucar,Restaurants
Azuki,Restaurants
BANCO SANTANDER 1004915 OVIEDO,Other
BANCOMER BBVA NO/INFORM PLAYA DEL CAR,Other
BANK INT 011620-021520 SCHWAB BANK,Credit Card Payment
BANK INT 041619-051519 SCHWAB BANK,Transfer
BANK INT 061619-071519 SCHWAB BANK,Transfer
BANK INT 071619-081519 SCHWAB BANK,Transfer
BANK INT 071621-081521 SCHWAB BANK,Credit Card Payment
BANK INT 081621-091521 SCHWAB BANK,Credit Card Payment
BANK INT XXXXXX-XX1522 SCHWAB BANK,Transfer
BANK INT XXXXXX-XX1523 SCHWAB BANK,Transfer
BARCLAYS - 745 CAFE,Coffee Shops
BARCLAYS BK PLC DIRECT DEP 190515~ Tran:,Other
BARCLAYS BK PLC DIRECT DEP 190531~ Tran:,Other
BARCLAYS BK PLC DIRECT DEP 190614~ Tran:,Other
BARCLAYS BK PLC DIRECT DEP 190628~ Tran:,Other
BARCLAYS BK PLC DIRECT DEP 190715~ Tran:,Other
BARCLAYS BK PLC DIRECT DEP 190731~ Tran:,Other
BARCLAYS BK PLC DIRECT DEP 190815~ Tran:,Other
BARCLAYS BK PLC DIRECT DEP 190830~ Tran:,Other
BARCLAYS BK PLC DIRECT DEP 190913~ Tran:,Other
BARCLAYS BK PLC DIRECT DEP PPD ID: 9111111103,Income
BAYRIDGE DISCOUNT LIQUORS,Bars
BCD TOFU HOUSE,Restaurants
BEER CAVE ASTORIA,Bars
BIBBLE & SIP,Coffee Shops
BISCOTTI,Food
BIZUM A FAVOR DE ANGEL MESA RODRIGUEZ CONCEPTO: Anti burguer ,Food
BIZUM A FAVOR DE JESUS MARIA VAZQUEZ PRADO CONCEPTO: Prueba ,Food
BIZUM A FAVOR DE SUSANA VAZQUEZ GARCIA CONCEPTO: Regalo Dia de la madre ,Food
BLUE RIBBON SUSHI BAR & G,Restaurants
BLVD *BARED MONKEY LASE,Beauty
"BOBA GUYS CANANEW YORK, NY #00000019",Coffee Shops
"BODEGA WINE & SPIRASTORIA, NY #000000190",Bars
BOMBAS,Clothing
BONUS DRUGS AND SURGICAL,Medical
BP,Fuel
BR FACTORY US 4574,Clothing
BRIDGEVIEW DINER,Restaurants
BROADWAY NATURAL,Groceries
BROADWAY NATURAL ASTORIA,Groceries
BROOKLYN FIREFLY,Restaurants
BT NOWADAYS RESTA,Restaurants
BUSINESSINS TRIAL,Other
Bagel Boy,Restaurants
Bagels and Brew,Restaurants
Bai Sushi Restaurant,Restaurants
Baked By Melissa,Food
Baked by Melissa,Food
Ball Chain,Other
Banana Republic,Clothing
Bank Int 011618-021518 Schwab Bank,Other
Bank Int 021618-031518 Schwab Bank,Other
Bank Int 021619-031519 Schwab Bank,Other
Bank Int 031618-041518 Schwab Bank,Other
Bank Int 031619-041519 Schwab Bank,Other
Bank Int 041618-051518 Schwab Bank,Other
Bank Int 051618-061518 Schwab Bank,Other
Bank Int 061618-071518 Schwab Bank,Other
Bank Int 071618-081518 Schwab Bank,Other
Bank Int 081618-091518 Schwab Bank,Other
Bank Int 091618-101518 Schwab Bank,Other
Bank Int 101617-111517,Other
Bank Int 101618-111518 Schwab Bank,Other
Bank Int 111617-121517,Other
Bank Int 111618-121518 Schwab Bank,Bank Fees
Bank Int 121617-011518 Schwab Bank,Bank Fees
Bank of America,Bank Fees
Bank of China,Bank Fees
Bann,Restaurants
Bar Nine,Bars
Bar Pa Tea,Coffee Shops
Barboncino,Restaurants
Barcelona Bar,Bars
Barclays,Bank Fees
Barclays Bank De,Bank
Barclays Bank Delaware,Bank
Barclays Bk Plc,Bank
Barclays Cafe New,Coffee Shops
Barclays Edi Paymnt,Credit Card Payment
Barcovo,Other
Bared Monkey Laser Spa Inc,Beauty
Baredmonkey,Other
Barnard Collefe Hlth,Medical
Barnard College,Education
Barnard Corp Pay,Income
Barnardcoll Ca,Education
Barnes & Noble,Shopping
Bath Tub Gin,Bars
Bay Ridge Rx,Medical
Bayridge Discount Liqu,Alcohol
Bayridge Japanese Cuis,Restaurants
Bb China Institute,Education
Bb Ppnyc Operating,Other
Bbq Chicken,Restaurants
Bea,Beauty
Beard Papa,Food
Beauty 35,Beauty
Bed Bath & Beyond,Home
Beet,Groceries
Ben & Jerry's,Other
Bengal Tiger,Restaurants
Berlyn,Other
Best Market,Groceries
Bettolona,Restaurants
Bgny Canal Llc,Other
Bhadra Kali Guest Hous,Travel
Bibble Sip,Coffee Shops
Bierstrasse Nyc,Bars
Bills,Other
Bills Rock,Entertainment
Bkst Columbia Uv,Education
Bloomingdale's,Other
Blue Bottle Coffee,Coffee Shops
Blue Ribbon Sushi,Restaurants
Bnp Paris Square,Other
Boardwalk Billy Uncc,Restaurants
Boba Guys Canal,Coffee Shops
Bocca,Restaurants
Bogota Latin Bistro,Restaurants
Bombas,Clothing
Boost Mobile,Utilities
Bose,Technology
Bouchon Bakery,Food
Box Inc,Technology
Br Factory Us,Clothing
Br Factory.com,Clothing
Bread Market,Groceries
Breeze Nyc Rest,Restaurants
Breslin Bar Dini,Bars
Broadway Natural,Groceries
Brokerage,Investments
Brooklyn Beef,Food
Brooklyn Public Library,Education
Brothers Crepes,Food
Bt Tixallivylabord Ny,Other
Buddakan Ny,Restaurants
Bulla Llc,Restaurants
Bunn City Ny,Other
Burger Bistro Brooklyn,Restaurants
Butcher Bar,Restaurants
C Global Bazaar,Shopping
C Schwab Deposit,Income
C Town Supermarket,Groceries
C-TOWN SU 3412 34TH AV ASTORIA N Y 06/28,Groceries
C-TOWN SUPERMARKET 041,Groceries
C-TOWN SUPERMARKET 041059,Groceries
C-Town Supermarket,Groceries
C21484 NORTHSPYR DIR DEP PPD ID: 7462283648,Income
C272818 34-02 30TH STRE ASTORIA,Other
CAFE BOTANIQUE ,Restaurants
CAFE EL OCHO,Coffee Shops
CANDY SMOKE SHOP INC,Other
CAPITAL ONE      MOBILE PMT 3LED,Credit Card Payment
CAPITAL ONE      MOBILE PMT 3LIL,Credit Card Payment
CAPITAL ONE      MOBILE PMT 3M39,Other
CAPITAL ONE      MOBILE PMT 3MDL,Credit Card Payment
CAPITAL ONE      MOBILE PMT 3MYI,Credit Card Payment
CAPITAL ONE      MOBILE PMT 3QVO,Credit Card Payment
CAPITAL ONE      MOBILE PMT 3R7P,Other
CAPITAL ONE      MOBILE PMT 3RA1,Other
CAPITAL ONE      MOBILE PMT 3RFJ,Other
CAPITAL ONE      MOBILE PMT 3RJJ,Other
CAPITAL ONE      MOBILE PMT 3RMX,Other
CAPITAL ONE ASTORIA BRO ASTORIA,Bank Fees
CAPITAL ONE AUTOPAY PYMT,Credit Card Payment
CAPITAL ONE MEMBER FEE,Bank Fees
CAPITAL ONE MOBILE payment 0002 39800824462 WEB ID: 9279744980,Credit Card Payment
CAPITAL ONE MOBILE payment 0028 39800374546 WEB ID: 9279744980,Credit Card Payment
CAPITAL ONE MOBILE payment 0049 39800599918 WEB ID: 9279744980,Credit Card Payment
CAPITAL ONE MOBILE payment 0066 39801006418 WEB ID: 9279744980,Credit Card Payment
CAPITAL ONE MOBILE payment 0077 39800370793 WEB ID: 9279744980,Credit Card Payment
CAPITAL ONE MOBILE payment 0099 39800771532 WEB ID: 9279744980,Credit Card Payment
CAPITAL ONE MOBILE payment 0119 39800202875 WEB ID: 9279744980,Credit Card Payment
CAPITAL ONE MOBILE payment 0169 39800497762 WEB ID: 9279744980,Credit Card Payment
CAPITAL ONE MOBILE payment 0188 39800748389 WEB ID: 9279744980,Credit Card Payment
CAPITAL ONE MOBILE payment 0241 39800338514 WEB ID: 9279744980,Credit Card Payment
CAPITAL ONE MOBILE payment 0258 39800680266 WEB ID: 9279744980,Credit Card Payment
CAPITAL ONE MOBILE payment 0280 39800007105 WEB ID: 9279744980,Credit Card Payment
CAPITAL ONE MOBILE payment 3B52 6ODT219KQP6 WEB ID: 9279744980,Credit Card Payment
CAPITAL ONE MOBILE payment 3BA4 I1NRD35U0X6 WEB ID: 9279744980,Credit Card Payment
CAPITAL ONE MOBILE payment 3G80 DJGGKU9SBAI WEB ID: 9279744980,Credit Card Payment
CAPITAL ONE MOBILE payment 3GO2 F7TJ83B2YAY WEB ID: 9279744980,Credit Card Payment
CAPITAL ONE MOBILE payment 3GQ5 XX3OYRPSAI2 WEB ID: 9279744980,Credit Card Payment
CAPITAL ONE MOBILE payment 3GZ0 Q9CF64HKL62 WEB ID: 9279744980,Credit Card Payment
CAPITAL ONE MOBILE payment 3H3N MCYAOBYXAGA WEB ID: 9279744980,Credit Card Payment
CAPITAL ONE MOBILE payment 3KZD 6V6VV2XBBQI WEB ID: 9279744980,Credit Card Payment
CAPITAL ONE MOBILE payment AuthDate 01-Jan,Credit Card Payment
CAPITAL ONE MOBILE payment AuthDate 03-J an,Credit Card Payment
CAPITAL ONE MOBILE payment AuthDate 03-J un,Credit Card Payment
CAPITAL ONE MOBILE payment AuthDate 04-Aug,Credit Card Payment
CAPITAL ONE MOBILE payment AuthDate 05-J ul,Credit Card Payment
CAPITAL ONE MOBILE payment AuthDate 06-Mar,Credit Card Payment
CAPITAL ONE MOBILE payment AuthDate 06-Oct,Credit Card Payment
CAPITAL ONE MOBILE payment AuthDate 07-Apr,Credit Card Payment
CAPITAL ONE MOBILE payment AuthDate 08-A pr,Credit Card Payment
CAPITAL ONE MOBILE payment AuthDate 10-F eb,Credit Card Payment
CAPITAL ONE MOBILE payment AuthDate 12-D ec,Credit Card Payment
CAPITAL ONE MOBILE payment AuthDate 12-M ay,Credit Card Payment
CAPITAL ONE MOBILE payment AuthDate 13-S ep,Credit Card Payment
CAPITAL ONE MOBILE payment AuthDate 17-Jun,Credit Card Payment
CAPITAL ONE MOBILE payment AuthDate 17-M ar,Credit Card Payment
CAPITAL ONE MOBILE payment AuthDate 18-F eb,Credit Card Payment
CAPITAL ONE MOBILE payment AuthDate 18-N ov,Credit Card Payment
CAPITAL ONE MOBILE payment AuthDate 23-M ar,Credit Card Payment
CAPITAL ONE MOBILE payment AuthDate 25-A pr,Credit Card Payment
CAPITAL ONE MOBILE payment AuthDate 28-J an,Credit Card Payment
CAPITAL ONE N.A. CAPITALONE,Other
CAPITAL ONE N.A. CAPITALONE 0000,Credit Card Payment
CAPITAL ONE N.A. CAPITALONE 0000 36115260743 WEB ID: 1510394779,Credit Card Payment
CAPITAL ONE N.A. CAPITALONE PPD ID: 1510394779,Credit Card Payment
CAPSULE PHARMACY,Pharmacy
CARNES EL MAYORAL,Food
CARVEL #2707,Food
CASH AUTO REDEMPTION,ATM
CASPERMOBIL SWAPP,Auto
CG ROASTERS,Coffee Shops
CHA-AN TEAHOUSE,Coffee Shops
CHASE 12 E 86TH ST NEW YORK,Bank Fees
CHASE 231 GRAND ST NEW YORK,Banking
CHASE 3105 30TH AVE ASTORIA,Banking
CHASE 6694 FRESH POND R RIDGEWOOD,Banking
CHASE 8 CHATHAM SQUARE NEW YORK,Banking
CHASE CREDIT CRD EPAY ONUS 5684 953157 WEB ID: 5760039224,Credit Card Payment
CHASE CREDIT CRD EPAY ONUS 5702 122317 WEB ID: 5760039224,Credit Card Payment
CHATGPT SUBSCRIPTION,Other
CHAUFA INC,Other
CHECK 9735,Other
CHESS HOUSE,Other
CHIP CITY,Food
"CHIP CITY - ASQueens, NY #0000001901",Restaurants
CHIP CITY - ASTORIA Astoria NY 12/11,Restaurants
CHIP CITY Queens NY 01/07,Restaurants
CHIPNYC_2,Other
CIBANCO CI BANCO PLAYA DEL CAR,Other
CITI BIKE NYC,Transportation
CITIBAN0005495 5324 5TH BROOKLYN,Other
CITIBAN0005496 5324 5TH BROOKLYN,Other
CITIBIK*1 RIDE,Transportation
CITY FRES 2115 BROADWA ASTORIA N Y 08/04,Restaurants
CITY FRESH MARKET,Groceries
CLIP MX*DOLCE PANQUE,Food
COBRANCA SDD Empresa Electricida ADC 20000035358,Utilities
COBRANCA SDD Empresa Electricida ADC 20000035358 SDD20000035358-PT06110500 Empresa Electric,Other
COBRANCA SDD MEO. SA             ADC 48693164180,Other
"COBRANCA SDD MEO. SA             ADC 48693164180 SDD48693164180-PT73101243 MEO, SA",Other
COLD SPRING COFFEEHOU,Coffee Shops
COLLEGE TRANSCRIPT,Education
"COMPRA EN ALIMERKA MU¥OZ DEGRAIN 5, CON LA TARJETA : 5489133066911411 EL 2023-01-05 ",Coffee Shops
"COMPRA EN AMAZON.ES*1R84O4PV4 AM, CON LA TARJETA : 5489133066911411 EL 2023-03-08 ",Coffee Shops
"COMPRA EN AMZN MKTP ES*161SW0XG4, CON LA TARJETA : 5489133066911411 EL 2022-12-30 ",Coffee Shops
"COMPRA EN AMZN MKTP ES*167CY6VB4, CON LA TARJETA : 5489133066911411 EL 2022-12-30 ",Coffee Shops
"COMPRA EN AMZN MKTP ES*CT5F02JO5, CON LA TARJETA : 5489133066911411 EL 2023-04-12 ",Coffee Shops
"COMPRA EN AMZN MKTP ES*DV4OY2Q45, CON LA TARJETA : 5489133066911411 EL 2023-05-05 ",Coffee Shops
"COMPRA EN AMZN Mktp ES*GV41W5XU5, CON LA TARJETA : 5489133066911411 EL 2023-04-13 ",Coffee Shops
"COMPRA EN RENFE CERCANIAS TNA 28 1, CON LA TARJETA : 5489133066911411 EL 2023-05-18 ",Coffee Shops
COMPRA MBWAY CARTAO 6891834* ALTICE PAY. SA     LISBOA,Other
CON ED OF NY     XXXXXXXXXX,Utilities
COSTCO WHSE #0243,Groceries
COVENHOVEN,Bars
CREATIVE 12460010,Other
CREDIT BALANCE REFUND,Income
CURB PHILLY TAXI QUEENS NY,ATM
CURB SVC ASTORIA,Transportation
CVS,Pharmacy
CVS/PHARMACY #03146 ASTORIA NY,Gym
CVS/PHARMACY #10298,Pharmacy
CXXXXXX XX-02 30TH STRE ASTORIA,Pharmacy
Cafe Bravo,Restaurants
Cafe Coffee Day Inner,Coffee Shops
Cafe Duke,Restaurants
Cafe East Lerne,Restaurants
Cafe Le Perche,Restaurants
Cafe Nunez,Restaurants
Caffe Cafe,Coffee Shops
Calle Dao,Restaurants
Car2Go,Transportation
Cardtronics,ATM
Cardtronics Ccs Penn,ATM
Carvel,Food
Carvel Brooklyn Ny,Restaurants
Casa Pepe,Restaurants
Casa Tataguyo,Other
Cash at 663-7417 Japan,ATM Deposit
Cash at Ag. 3 Nauta,ATM
Cash at Arora Guest House,ATM Deposit
Cash at Banco De Credito,ATM Deposit
Cash at Chuo-Ku,ATM Deposit
Cash at Connaught Circus,ATM Deposit
Cash at Connaught Place,ATM Deposit
Cash at Connaught Place Br,ATM Deposit
Cash at D-17/136-137 A,Shopping
Cash at Delhi Connaught Circ N,ATM Deposit
Cash at Familymart Shinjyukugo,ATM Deposit
Cash at H 22 Tropical Buildin,ATM Deposit
Cash at Janpath,ATM Deposit
Cash at Khan Market Br,Other
"Cash at Malviya Chowk, Varanas",ATM Deposit
Cash at New Delhi Main,Other
Cash at Pnb Atm Swargashram Di,ATM Deposit
Cash at Sook Siam (icon Siam),ATM Deposit
Cash at Swargashram,ATM Deposit
Cash at Taito-Ku,ATM Deposit
Cash at Talat Nam Klong Lat Ma,ATM Deposit
Cash at Tienda 740 Iquitos I,ATM Deposit
Cash at Ybl Cp Branch Bna,ATM Deposit
Cash at Ybl Cp-Ii Delhi1,ATM Deposit
Cash at Ybl Paharganj2,ATM Deposit
Catch 22,Restaurants
Celestine Restaurant,Restaurants
Central Market,Groceries
Century Theaters,Entertainment
Century Twenty One,Shopping
Cha Cha Matcha,Coffee Shops
Chai,Coffee Shops
Chase,Bank Fees
Chase 1509 Foster Avenue,Bank Fees
Chase 5423 8th Avenue,Bank Fees
Chase Avenue Th,Bank Fees
Chase Ending In,Bank Fees
Chase Quickpay Electronic,Transfer
Chase Quickpay Transfer,Transfer
Chase Travel,Travel
Chase card ending in 0411 07/12,Credit Card Payment
Chase card ending in 0411 07/30,Credit Card Payment
Chase card ending in 0411 08/05,Credit Card Payment
Chase card ending in 0411 09/16,Credit Card Payment
Chase card ending in 1097 01/03,Credit Card Payment
Chase card ending in 1097 01/04,Credit Card Payment
Chase card ending in 1097 01/28,Bank Fees
Chase card ending in 1097 02/10,Bank Fees
Chase card ending in 1097 03/05,Credit Card Payment
Chase card ending in 1097 03/18,Credit Card Payment
Chase card ending in 1097 03/23,Bank Fees
Chase card ending in 1097 03/29,Bank Fees
Chase card ending in 1097 04/05,Credit Card Payment
Chase card ending in 1097 04/18,Credit Card Payment
Chase card ending in 1097 05/14,Credit Card Payment
Chase card ending in 1097 06/07,Credit Card Payment
Chase card ending in 1097 07/02,Credit Card Payment
Chase card ending in 1097 07/30,Credit Card Payment
Chase card ending in 1097 08/02,Credit Card Payment
Chase card ending in 1097 08/09,Credit Card Payment
Chase card ending in 1097 08/23,Credit Card Payment
Chase card ending in 1097 08/30,Credit Card Payment
Chase card ending in 1097 09/24,Credit Card Payment
Chase card ending in 1097 10/22,Other
Chase card ending in 1097 11/16,Other
Chase card ending in 1097 11/19,Other
Chase card ending in 1097 12/06,Credit Card Payment
Chase card ending in 1097 12/07,Credit Card Payment
Chase card ending in 1097 12/15,Credit Card Payment
Chase card ending in 1097 12/16,Credit Card Payment
Chase card ending in 2957 01/04,Credit Card Payment
Chase card ending in 2957 01/10,Credit Card Payment
Chase card ending in 2957 02/18,Credit Card Payment
Chase card ending in 2957 03/16,Credit Card Payment
Chase card ending in 2957 04/19,Credit Card Payment
Chase card ending in 2957 05/25,Credit Card Payment
Chase card ending in 2957 06/25,Credit Card Payment
Chase card ending in 2957 08/02,Credit Card Payment
Chase card ending in 2957 08/25,Credit Card Payment
Chase card ending in 2957 09/24,Credit Card Payment
Chase card ending in 2957 11/08,Credit Card Payment
Chase card ending in 2957 11/10,Credit Card Payment
Chase card ending in 2957 12/07,Credit Card Payment
Chase card ending in 2957 12/16,Credit Card Payment
Chase card ending in 5933 01/15,Bank Fees
Chase card ending in 5933 03/06,Bank Fees
Chase card ending in 5933 04/08,Bank Fees
Chase card ending in 5933 09/17,Bank Fees
Chase card ending in 5933 10/05,Credit Card Payment
Chase card ending in 5933 10/08,Other
Chase card ending in 5933 10/20,Other
Chase card ending in 5933 11/12,Other
Chase card ending in 5933 12/05,Bank Fees
Chase card ending in 9575 01/04,Credit Card Payment
Chase card ending in 9575 01/14,Credit Card Payment
Chase card ending in 9575 01/28,Credit Card Payment
Chase card ending in 9575 02/10,Credit Card Payment
Chase card ending in 9575 02/24,Credit Card Payment
Chase card ending in 9575 03/05,Credit Card Payment
Chase card ending in 9575 04/16,Credit Card Payment
Chase card ending in 9575 04/20,Credit Card Payment
Chase card ending in 9575 05/12,Credit Card Payment
Chase card ending in 9575 05/18,Credit Card Payment
Chase card ending in 9575 05/20,Credit Card Payment
Chase card ending in 9575 06/04,Credit Card Payment
Chase card ending in 9575 06/06,Credit Card Payment
Chase card ending in 9575 06/18,Credit Card Payment
Chase card ending in 9575 06/24,Credit Card Payment
Chase card ending in 9575 07/02,Credit Card Payment
Chase card ending in 9575 07/05,Credit Card Payment
Chase card ending in 9575 07/12,Credit Card Payment
Chase card ending in 9575 07/13,Credit Card Payment
Chase card ending in 9575 07/26,Credit Card Payment
Chase card ending in 9575 07/30,Credit Card Payment
Chase card ending in 9575 08/02,Credit Card Payment
Chase card ending in 9575 08/09,Credit Card Payment
Chase card ending in 9575 08/12,Credit Card Payment
Chase card ending in 9575 08/16,Credit Card Payment
Chase card ending in 9575 09/16,Credit Card Payment
Chase card ending in 9575 09/18,Credit Card Payment
Chase card ending in 9575 10/05,Credit Card Payment
Chase card ending in 9575 10/06,Other
Chase card ending in 9575 10/08,Other
Chase card ending in 9575 10/20,Other
Chase card ending in 9575 10/22,Other
Chase card ending in 9575 11/12,Other
Chase card ending in 9575 11/13,Other
Chase card ending in 9575 11/19,Other
Chase card ending in 9575 11/27,Other
Chase card ending in 9575 12/06,Credit Card Payment
Chase card ending in 9575 12/09,Credit Card Payment
Chase card ending in 9575 12/15,Credit Card Payment
Chase card ending in 9816 05/24,Credit Card Payment
Chase card ending in 9816 06/06,Other
Chase card ending in 9816 06/24,Other
Chase card ending in 9816 07/12,Other
Chase card ending in 9816 08/05,Other
Chase card ending in 9816 08/26,Credit Card Payment
Chaufa,Other
Chebella Pizza,Food
Check,Other
Check 1001,Other
Check 1002,Other
Check 1007,Other
Check 1008,Other
Check 1009,Other
Check 1011,Other
Check 3208,Other
Check 3209,Other
Check 3210,Other
Check 3238,Other
Check 3239,Other
Check 3240,Other
Check 4780,Other
Check 6157,Other
Check 6159,Other
Chelsea Gourmet Deli,Restaurants
Chelsea Wine Vault,Restaurants
Chick-Fil-A,Food
Chili's,Other
China Max Chicken Now,Restaurants
Chipotle,Restaurants
Cho Dang Gol,Restaurants
Chop't,Other
Cienfuegos,Bars
Circle K,Fuel
Circles,Bars
Circus Fruits Inc.,Groceries
Citibank,Fees
Citizenmnytpos,Travel
City Sports,Gym
Clover Club,Bars
Club Free Time,Entertainment
Club Freetime,Entertainment
Club Quarters San,Travel
Clubfreetim,Entertainment
Coco Tea,Coffee Shops
Cocoa Grinder,Coffee Shops
Coffee,Coffee Shops
Coffee Lab,Coffee Shops
Coffee Rx,Coffee Shops
Cold Stone Creamery,Restaurants
CompanyKids,Clothing
Concord Hill,Education
Concur Acct Conf,Other
Concur Expense Ppd,Other
Consolidated Edison,Utilities
Cosi,Restaurants
Cosme,Restaurants
Coszcal De Allende,Restaurants
Coszcal De Allende Restaurant Inc.,Restaurants
Counter,Restaurants
Cracker Barrel,Restaurants
Cream Coffee Shop,Coffee Shops
Crisp,Restaurants
Crivencar,Auto
Crowne Plaza,Travel
Culinart,Restaurants
DA SHI NOODLE,Restaurants
DA TOMMASO,Restaurants
DECATHLON CITY OVIEDO ,Food
DECATHLON LUGONES ,Other
DECATHLON ON LINE ,Groceries
DEEP INDIAN KITCHEN -,Restaurants
DELIRIO ABARROTES,Groceries
DEPOSIT ID NUMBER 673992,Income
DEPOSIT ID NUMBER 928361,Income
DISCOVERY BENEFI CLAIM REIM 0006 209798 WEB ID: 1900058554,Insurance
DISCOVERY BENEFI CLAIM REIM 0006 322345 WEB ID: 1900058554,Insurance
DISCOVERY BENEFI CLAIM REIM 0006 370754 WEB ID: 1900058554,Insurance
DISCOVERY BENEFI CLAIM REIM 0006 414804 WEB ID: 1900058554,Insurance
DISCOVERY BENEFI CLAIM REIM 0006 502813 WEB ID: 1900058554,Insurance
DISCOVERY BENEFI CLAIM REIM 0006 537012 WEB ID: 1900058554,Insurance
DISCOVERY BENEFI CLAIM REIM 0006 591043 WEB ID: 1900058554,Insurance
DISCOVERY BENEFI OTHER TRAN PPD ID: 1900058554,Other
DISCOVERY BENEFI PLAN CONTR 2013 34A3487FB WEB ID: 1900058554,Insurance
DISCOVERY BENEFI PLAN DISTR PPD ID: 1900058554,Insurance
DMI* DELL SALES & SERVIC,Technology
DOLLAR GENERAL #19203,Groceries
DOLLAR GENERAL #X9203 D ASTORIA,Groceries
DOLLAR TREE,Groceries
DOLLAR TREE ASTORIA,Groceries
DOLLAR TREE ASTORIA NY,Groceries
DOLLAR TREE XX72 31ST S ASTORIA,Groceries
DORLANS TAVERN,Bars
DSW Designer Shoe Warehouse,Clothing
DUANE READE #14423,Pharmacy
DUANE READE #21350,Pharmacy
DUFRY MEXICO T160,Shopping
DUFRY MEXICO T164,Shopping
DUNKIN #330415 Q35,Coffee Shops
DUTCH KILLS,Bars
Dainobu,Groceries
Dallas Bbq,Restaurants
Dam Ny,Other
De Mole Astoria Corp,Restaurants
Deals,Shopping
Delta,Transportation
Deluxe Meat Market,Groceries
Deposit Id Number,Income
Deposit Mobile Banking,Income
Devon & Blakely,Restaurants
Devon Blakely,Restaurants
Devon Blakely New,Restaurants
Dia Retail Vallad 3906,Groceries
Diamond Dogs,Restaurants
Dig Inn 17th,Restaurants
Dig Inn Seasonal Market,Groceries
Discount Liquors,Alcohol
Dncss Meadowlands Con,Entertainment
Dollar General,Shopping
Dollar Tree,Shopping
Dorrian Restaura,Restaurants
Dos Toros May,Restaurants
Dos Toros Taqueria,Restaurants
Duane Reade,Pharmacy
Duane Reade New,Pharmacy
Duane Reade STO 3506 BR ASTORIA,Pharmacy
Dunkin Donuts,Coffee Shops
E S Fernandez Bermejo,ATM
"EB MOVIE TEN YEARS801-413-7200, CA #0000",Entertainment
EL CALIFA ALVARO OBREG,Restaurants
EL GLOBO CENTRO,Restaurants
EL PALACIO HIERRO DGO,Shopping
ELEGANT FL* ELEGANT FL,Clothing
EMPORIO RISTORANTE,Restaurants
Earl of Sandwich,Restaurants
East West Bank,Fees
Easy Trip Planners Pvt,Travel
Eataly Fidi Market,Groceries
Eb Black Gatsby,Other
Eb Mmfpn Graduate,Education
Eb National Black,Other
Eb Nycnjpa Mellons,Other
Eb She Geeks,Other
Eb Silent Renaissance,Other
Ebay O*08-10000-04749,Shopping
Ebay O*16-09817-06805,Shopping
El Corte Ingles Depart,Shopping
Electronic,Other
Electronic Deposit,Income
Electronic Withdrawal,Transfer
"Elephant Gogo Co.,ltd.",Other
Empanada Mama,Restaurants
Ems,Other
Enet Lawson Naritakokus,Other
Esamsa,Other
Essen,Restaurants
Etsy,Shopping
Etsy Inc Seller Fees,Fees
Europa,Travel
Eva Air,Transportation
Event Tickets,Entertainment
Exchanged to USD,Transfer
Expedia,Travel
Exxon,Fuel
Eye Solutions,Medical
FAMILY MARKET,Groceries
FAMILY MARKET ASTORIA NY 10/22,Groceries
"FAMILY MARKET ASTORIA, NY #000000190",Groceries
FARM SIMILARES SUC 389,Pharmacy
FARMA PV PAPELILLO 2,Pharmacy
FAT CARDINAL PROVISIO,Other
FAVOR TASTE,Restaurants
FEE REVERSAL,Fees
"FGC 148 MADISON, LNEW YORK, NY #00000019",Other
FIRST EAGLE INVE DIRECT-PAY,Investments
FIRST EAGLE INVE PAYROLL,Investments
FIRST EAGLE INVE PAYROLL PPD ID: 6506940773,Other
FLOWER OF LIFE SOUL,Entertainment
FLUSHING BANK X102 3RD BROOKLYN,Other
FOOD EMPO 2910 BROADWA ASTORIA N Y 01/23,Other
FOOD EMPO 2910 BROADWA ASTORIA N Y 12/05,Groceries
FOOD EMPO 2910 BROADWA ASTORIA N Y 12/14,Groceries
FOOD EMPORIUM #2220,Groceries
FOOD EMPORIUM #2220 ASTORIA NY,Groceries
FOOD EMPORIUM #X 2910 B ASTORIA,Groceries
FOOD UNIVERSE MARKETPLACE,Groceries
FRODY ROMA NORTE,Restaurants
FUEL RESTAURANT,Restaurants
Facebook,Other
Faces Names Bar,Bars
Factory,Other
Fairway Mkt Es,Groceries
Familia Campomanes - 3,ATM
Fandango,Entertainment
Favela Grill,Restaurants
Favor Taste,Restaurants
Federal Express,Transportation
Fedloanservicing Stdnt Loan,Education
Fei Long 6301 8th Avenue,Groceries
Fei Long Market,Groceries
"Fermin De Pas, Tienda",Restaurants
Fifth Ny 230 Fith Avenue,Shopping
Fig & Olive,Restaurants
Fig Olive Meatpacking,Restaurants
First Eagle Inve,Other
Five Guys,Food
Flight On Booking.com,Travel
Flor De Mar,Restaurants
Flying J,Fuel
Folio Investment Transfer,Transfer
Food Emporium,Groceries
Food New York,Groceries
Foodpanda Hong Kong,Food
Foodtown,Groceries
Foot Locker,Clothing
Foreign Transaction Fee,Fees
Forever 21,Clothing
Fortis,Utilities
Fpv Dhamma Sacca,Other
French Cleaners,Services
Fresca Deli,Restaurants
Fresh Market,Groceries
Fresh Salt,Restaurants
Freshii,Restaurants
Friend Of A Farmer,Restaurants
From MILENA ROMECKA,Other
Fsi Coned Bill,Utilities
Fullstackac,Other
Funds Transfer Brokerage,Transfer
Funds Transfer from Brokerage -0852,Transfer
Funds Transfer to Brokerage -0852,Transfer
G V 203 Grand Street,Other
GAM MEE OK NY,Restaurants
GEOBLUE,Insurance
GIANT FOOD #6569 PHILADELPHIA PA,Groceries
GLAMNETIC,Beauty
GOLDSTAREVT,Entertainment
GRAN TORINO,Restaurants
GREEN SYMPHONY,Restaurants
GREENBAY MARKET PLA,Groceries
GREENBAY MARKET PLACE,Groceries
GREENBAY MARKET PLACE 3 ASTORIA,Groceries
GREENBAY MARKET PLACE BG,Groceries
GREENBAY ORGANIC FOODS,Groceries
"GREENBAY ORGANIC FOODS ASTORIA, #0000",Groceries
GREENBAY ORGANIC FOODS BG,Groceries
GRUBHUBSUNRISE2AUTHEN 8775851085 NY null XXXXXXXXXXXX7934,Coffee Shops
Gabrielas Taqueria,Restaurants
GameStop,Shopping
Gap,Clothing
Garden of Eden,Other
Gem Saloon,Bars
Gift,Gifts
Gin Fizz,Bars
Gino's Restaurant,Other
Glady,Other
Glamnetic,Beauty
Glaze,Beauty
Global,Other
Global Entry Benefit,Travel
Global Exchange,Other
Global Kitchen,Restaurants
GoDaddy.com,Technology
GoFundMe Charity,Gifts
Goddess Ba,Beauty
Godiva New York,Food
Gong Cha,Coffee Shops
Gonzalez Y Gonzalez,Restaurants
Google Play,Technology
Grand Optical,Medical
Grand Sichuan House Inc,Restaurants
Grand Wine Liquor,Groceries
Great Jones Spa,Beauty
Green Roll,Restaurants
Greenbay Organic Fastoria,Groceries
Gregory's,Other
Grill 212,Restaurants
Ground Central Coffee,Coffee Shops
Ground Central Coffee Company,Coffee Shops
Groupon,Shopping
GrubHub,Food
Guggenheim S&p 500 Equalwei Con Etf,Other
Guggenheim S&p 500 Equalweight Etf,Other
Gulf,Fuel
Gyu Kaku Restaurant,Restaurants
Gyu-Kaku,Restaurants
H&M,Clothing
HAUTELOOKIN,Shopping
HBSCNY,Other
HEADSPACE,Health
"HEALTHY ME Queens, NY #0000001901",Medical
HELLO BEAUTY,Beauty
HELLS KITCHEN NYC,Restaurants
HIDE CHAN RAMEN,Restaurants
HOAI 86TH INC,Restaurants
HOLEY CREAM New York NY 07/26,Food
HOUSE OF YES,Entertainment
HSBC 6102-6106 8TH AVE BROOKLYN,Bank Fees
HUERTAS NEW YORK NY 08/24,Restaurants
Haagen Dazs,Food
Hagi Restaurant,Restaurants
Hale and Hearty,Restaurants
Hale and Hearty Soups,Restaurants
Hama,Restaurants
Hannaford,Groceries
Happy Liquor Store,Alcohol
Harvey House,Restaurants
Hautelookin,Shopping
Hawaii Grill,Restaurants
Hell's Chicken LLC,Other
Hello,Other
Henry Custom Ta,Clothing
Hide Chan Ramen,Restaurants
Hikinikutokome Kyoto,Food
Hoai 86th,Restaurants
Hom Imports,Shopping
Home Depot,Home
Home Frite,Restaurants
Hong Kong Supermarket,Groceries
Hostel World,Travel
Hot Kitchen,Restaurants
Hotel At Booking.com,Travel
Hotel On Booking.com,Travel
Hotels.com,Travel
Housing Works,Housing
Hsbc 6106 8th Avenue,Bank Fees
Hsbc Dbe Hsbc,Bank Fees
Hsbc Fb Hase,Bank Fees
Hudson Square Pharmacy,Pharmacy
Hudson Valley,Other
Huertas,Restaurants
IBERIA 0000239447448,Travel
ICHIRAN TIMES SQUARE,Restaurants
IDEAL FOOD BASKET,Groceries
IDEMIA TSA PRECHECK,Travel
IKEA,Home
IKINARI STEAK - 5TH AVE,Restaurants
IKRAVEIT F XX-02 30TH S ASTORIA,Restaurants
IKRAVEIT FOODS,Groceries
IKRAVEIT FOODS MARKET ASTORIA,Groceries
IKRAVEIT FOODS MARKET ASTORIA NY,Groceries
IL FIORISTA NOMAD LLC,Flowers
IMPOSTO SELO S MANUTENCAO DE CONTA,Transfer
IMPOSTO SELO S/ MANUTENCAO DE CONTA,Fees
INSIGNIA HOTEL,Travel
INSOMNIA COOKIES- BRO,Food
"INSUFFICIENT FUNDS FEE FOR A $2, 500.00 ITEM - DETAILS: VANGUARD BUY INVESTMENT PPD ID: VMC PUR",Fees
INTEREST 12/30THRU 01/29,Income
INTUIT *TURBOTAX,Taxes
INVESCO S&P 500 EQUAL WEIGHT CONSUMER,Investments
INVESCO S&P 500 EQUAL WEIGHT CONSUMER DISCRETIONARY ETF,Investments
INVSC SP 500 EQL WGH CNSMR DSCRT ETF,Investments
IPVANISH,Technology
IRS              USATAXPYMT,Taxes
IZ *AL SULTAN,Restaurants
IZ *BUNA,Restaurants
IZ *CYNTHIA MONTSERRAT ME,Other
IZ *HELADOS COMETA,Food
IZ *KOKO YAKI ICE CREAM S,Food
IZLAH BAXTER MASARIK,Other
Ichabod,Restaurants
Ichimasa,Restaurants
Ifc Theatres Llc,Entertainment
Ikea Iberica Web,Home
Il Fornaio,Restaurants
Ilili Box,Restaurants
Interest,Other
Interest Charge Reversal,Other
Interest Paid,Fees
Intermart Thailand,Groceries
Intermundial Seguros,Insurance
Internal Revenue Service,Taxes
Intuit TurboTax,Taxes
Invesco S&p 500 Equal Weight Consumer Discretionary Etf,Investments
Irving,Fuel
Isamu Noguchi Founda,Donation
Ise Restaurant,Restaurants
Izakaya Mew,Restaurants
Izi*abarrotes Joselito,Restaurants
J & C Market,Groceries
J Crew Group,Clothing
J Crew New,Clothing
J J News,Other
J Mart Group Inc.,Shopping
J.Crew,Clothing
J.L. CLEANERS ASTORIA NY,ATM
JACKS 40 WEST NYC,Restaurants
JACKS WORLD,Shopping
JACKSON'S,Other
JADE EATERY AND LOUNGE,Restaurants
JINS FRENCH CLEANERS MANHATTAN,Services
JOHN BROWN SMOKEHOUSE,Restaurants
JOHNNY UTAH'S,Other
JOHNS DELI,Restaurants
JPMORGAN CHASE B CHASE payment PPD ID: 9849423001,Credit Card Payment
JUDY & PUNCH,Bars
"JUICE BOX WINE ANDBROOKLYN, NY #00000019",Alcohol
JUNIORS LIQUORS RIDGEWOOD NY 200759 07/20,Alcohol
Jacks Sliders Sush,Restaurants
Jacks West Nyc,Shopping
Jacks World,Shopping
Jamba Juice,Coffee Shops
Janelle Cuisinge Bar,Bars
Japanese Restaurant Inc,Restaurants
Jefferson Clinton Hotel,Travel
Jet.com,Shopping
JetBlue,Transportation
Joe Coffee Columbia,Coffee Shops
Joe's Pub,Other
Johnny Utah,Entertainment
Jpmc Pk Sbucks,Coffee Shops
Jr East,Restaurants
Juga,Other
Jun Shokudo,Restaurants
Jupiter Car Ser,Auto
Just Salad,Restaurants
Justino's Pizzeria,Other
K Cosmetics,Beauty
KAL,Other
KEY FOOD 1620,Groceries
KEY FOOD 1620 LNG ISLND CTY NY,Groceries
KEY FOOD XXXX XX-13 36T LNG ISLND CTY,Groceries
KICOPI 32 INC,Other
KILLINGTON SNOWSHED CAFE,Restaurants
KING OF FALAFEL & SHA,Restaurants
KINSHIP COFFEE,Coffee Shops
KIOSKO MICHOACAN,Restaurants
KIWI.COM,Travel
KK ANGELES C LONDRES 2,Restaurants
KNOTEL INC DIRECT DEP PPD ID: 9111111101,Income
KONDO RESTAURANT,Restaurants
Katagiri & Co Inc,Groceries
Kathy Dumplings,Restaurants
Katsu Hama W,Restaurants
Katsuhama,Restaurants
Keihan Shijo Sta,Transportation
Key Food,Groceries
Key Food Brooklyn,Groceries
"Kicopi 32, Inc.",Other
Kiku Japanese Restaurant,Restaurants
Kindle Svcs*GM6QO8FB3,Education
King Power Tax Free-Sv,Other
Kinokuniya Bookstore,Shopping
Kinship Coffee,Coffee Shops
Kitchen,Restaurants
Kitto Ramen,Restaurants
Kj Astoria Gourmet Inc,Restaurants
Koret,Clothing
Krispy Kreme,Food
Krung Thai Bank,ATM
Krush,Other
Kyu,Other
L & H BAGEL COR,Food
L Arte Del,Other
LA CARTA ,Groceries
LA COMER NVO VALLARTA,Groceries
LA NAVAL INSURGENTES 1,Other
LA VENTANITA CAFE,Coffee Shops
LE BOUCHON,Restaurants
"LE FOND BROOKLYN, NY #00000019",Restaurants
LEE'S FAMILY FARM CORP,Other
LEES FAMILY FARM CORP,Groceries
LEES FAMILY FARM CORP ASTORIA,Groceries
LEES FAMILY FARM CORP ASTORIA NY,Groceries
LEES FAMILY FARM CORP ASTORIA NY 004453 10/23,Groceries
LGT FOOD 2418 34TH AV ASTORIA N Y 07/28,Groceries
LGT FOOD 2418 34TH AV ASTORIA N Y 07/31,Groceries
LGT FOOD 2418 34TH AV ASTORIA N Y 08/03,Groceries
LGT FOOD 2418 34TH AV ASTORIA N Y 11/27,Groceries
LGT FOOD 2418 34TH AV ASTORIA N Y 12/15,Groceries
LGT FOOD CORP,Restaurants
LGT FOOD CORP 2418 34TH ASTORIA,Restaurants
LIFE IS MY MOVIE ENT,Entertainment
LIFESTART FITEASE,Gym
LIQUIDACION DE LA TARJETA DE CREDITO 0073 0100 500 0491063 ,Other
LITTLE BASIL,Restaurants
LK ADVANCED DENTIS,Medical
LK ADVANCED DENTISTRY,Medical
LOCAL,Restaurants
LOCKWOOD STYLE,Clothing
LOMBARDO'S OF BAY RIDGE,Other
LOSDANZANTESCOYOACAN,Other
"LOT 45 347-5059155, NY #00000",Other
LOT LESS 14,Other
LOT LESS 14 RIDGEWOOD NY 439357 06/23,Other
LYFT   *1 RIDE 01-15,Transportation
LYFT   *1 RIDE 02-12,Transportation
LYFT   *1 RIDE 02-18,Transportation
LYFT   *1 RIDE 03-03,Transportation
LYFT   *1 RIDE 03-19,Transportation
LYFT   *1 RIDE 04-02,Transportation
LYFT   *1 RIDE 04-15,Transportation
LYFT   *1 RIDE 05-19,Transportation
LYFT   *1 RIDE 05-20,Transportation
LYFT   *1 RIDE 06-10,Transportation
LYFT   *1 RIDE 12-08,Transportation
LYFT   *2 RIDES 02-04,Transportation
LYFT   *3 RIDES 06-04,Transportation
LYFT   *CANCEL FEE,Transportation
La Casa,Other
La Esquina,Restaurants
La Marina,Restaurants
La Veloz Estacion Sur,Other
Latitude,Travel
Lawson,Other
Laxmi Corp,Groceries
Lb Sub W,Restaurants
Le Pain Quotidien,Restaurants
Lee's Family Farm Corp,Other
Liat Ltd,Travel
Lillies,Bars
Lirrnytickets Jamaica Ny,Transportation
Little Pond,Groceries
Liwei Beauty,Beauty
Lk Advanced Dentistry,Medical
Llama Inn,Restaurants
Lloyds,Other
Longhorn Steak,Restaurants
Longs,Groceries
Los Tacos,Restaurants
Lot Less,Shopping
Lot Less 14th,Shopping
Lot Less 15 Astoria,Shopping
Louie Chan,Other
Lowens,Home
Lululemon,Clothing
Lulusfashio,Clothing
Lura,Other
Lyft,Transportation
Lyft Ride Fri,Transportation
Lyft Ride Mon,Transportation
Lyft Ride Sat,Transportation
Lyft Ride Sun,Transportation
Lyft Ride Thu,Transportation
Lyft Ride Wed,Transportation
M Llc,Other
M&T Bank M&T 830 EIGHTH NEW YORK,Bank Fees
"M56, Llc",Other
MACYS ONLINE payment 1300 34402778732 WEB ID: CITICTP,Shopping
MALDEN SERVICE PLZ 138,Transportation
MANNAPOVLLC SWAPP,Other
MANUTENCAO CONTA 26/01/2023 A 25/02/2023,Food
MANUTENCAO CONTA 26/03/2023 A 25/04/2023,Food
MANUTENCAO CONTA 26/04/2023 A 25/05/2023,Food
MANUTENCAO CONTA 26/12/2022 A 25/01/2023,Food
MANUTENCAO CONTA 26022023 A 25032023,Food
MARA?S ICE CREAM PARL,Restaurants
MARCEL RESTAURANTE,Restaurants
MATCHA MAMA B PAILA,Coffee Shops
MAYSON KAYSER AEROPUE,Food
MEDITERRANEAN FOODS I,Food
MEDITERRANEAN FOODS I 3 ASTORIA,Food
MEDITERRANEAN FOODS I ASTORIA,Food
MEMBERSHIP FEE APR 23-MAR 24,Fees
"MET-CLOISTERS ADMINEW YORK, NY #00000019",Other
MICHAELS STORES 5715,Shopping
MILK & PULL 2,Food
MISI,Restaurants
MOKJA KOREAN EATERY,Restaurants
MOMS AND HALSEYS,Shopping
MONT BLANC,Shopping
MONTHLY SERVICE FEE,Fees
MTA,Transportation
MTA*METROCARD MACHINE,Transportation
MTA*NYCT PAYGO,Transportation
MUJI TIMES SQ 2123822300,Shopping
MUSEUM OF CHINESE IN,Entertainment
Ma Tpke Plaza,Transportation
Mac,Shopping
Macy's,Other
Macys Online Web,Shopping
Magnolia Bakery,Food
Magnolia Bakery New,Food
Main,Other
Mala Project Inc.,Restaurants
Mango Ny,Clothing
Mango Ny New,Clothing
Manhattan Grand Optica,Medical
Manhattan Grand Optical,Medical
Manhattans,Bars
Mark,Other
Market Place,Groceries
Market Work,Other
Market Work W,Other
Market Work Wa,Other
Mars,Other
Marshalls,Clothing
Masala Twist Piers,Other
McDonald's,Other
McGovern's,Other
Meatball Obsess,Food
Mediterranean Foods III Inc,Groceries
Mediterranean Foods Inc,Groceries
Melia Barajas,Travel
Mercadona El Fontan,Groceries
Mess Hall,Restaurants
Met Fresh Supermarket,Groceries
Met Mus Cafe,Coffee Shops
Metal Cashback,Cashback
Metrograph Commiss,Restaurants
Mi Cha,Food
Miami Heat Mi,Entertainment
Michaels,Shopping
Microsoft,Technology
Microsoft*Subscription,Technology
Middle Ages,Entertainment
Mikaku,Restaurants
Miles Cuban Cafe,Restaurants
Milkflower,Restaurants
Minas Grill,Restaurants
Miss Korea,Restaurants
Miss Korea Fl,Restaurants
Mission Chinese Food,Restaurants
Mission Chinese Food NY,Restaurants
Mist Restaurant Bar,Restaurants
Mitsuwa,Groceries
Modell's Sporting,Other
Mofad,Entertainment
Moleskine America,Shopping
Momofuku Noodle Bar,Restaurants
Morning Glory,Groceries
Morton Williams Cafe,Restaurants
Mountain House,Home
Moygarsa,Other
Mp Llc,Other
Mp Taverna,Restaurants
Msg Concessions,Restaurants
Msw*foxoso Hospitality,Travel
Msw*travel Retail Serv,Travel
Muhavra Enterprises Pv,Other
Muho Wines Liquors,Alcohol
Mui,Other
Muji Cooper Square,Shopping
Muji Fifth Ave,Shopping
Muji Nyt 620 8th Avenue,Shopping
Muji Soho,Shopping
Muji Soho New,Shopping
Museum Shop,Shopping
Museum of Chinese In The Americas,Entertainment
My Kitchen Newport,Restaurants
My Most Favorite Food,Restaurants
My Thai Restaurant Group Inc,Restaurants
NATIONAL GRID NY UTILITYPAY,Utilities
NEW STAND NYCF H114 BROOKLYN NY 08/31,Shopping
NEW WORLD STAGE,Entertainment
NEW YORK MART ELMHURST I,Groceries
NEW YORK RUNNING COMPA,Gym
NEW YORK STATE DMV,Government and Taxes
NON-CHASE ATM FEE-WITH,Other
NON-CHASE ATM WITHDRAW 561039 07/2734-02 30T,Other
NUTRISA 390 EJE CEN LC,Other
"NY - GOSSIP COAstoria, NY #000000190",Other
NY STATE         NYSTTAXRFD,Other
NY State Tax,Other
NYC BAGEL & COFFEE HOUSE,Other
NYC FERRY,Other
"NYC FERRY MOBILE 415-438-8311, NY #0000",Other
NYCDOT PARKING METERS,Other
NYPL COPY-PRINT,Services
NYSC BAY RIDGE,Gym
NYSC WEST 49 - BROADWAY,Gym
NYSC-EAST 36 ST,Gym
NYU PHYSICIAN SERVICES,Medical
NYX*ARMSTRONGHEALTHAN ,Other
National Grid,Utilities
Nature Grill,Restaurants
Nature Republic,Beauty
Negril Village,Restaurants
New Leaf,Restaurants
New Star Seafood,Groceries
New York & Company,Clothing
New York Kimchi,Food
New York Mart,Groceries
New York State,Taxes
New York Supermarket Inc,Groceries
Next Level,Entertainment
Nike,Clothing
Nine,Clothing
Nino's,Other
Njt Pabt,Transportation
Nom Wah Kuai,Restaurants
Non Chase ATM,ATM
Non-Sufficient Funds Fee,Fees
Noodles & Company,Restaurants
Nordstrom,Clothing
North Face,Clothing
North Shore,Travel
Northern Territory,Bars
Norwegian,Travel
Nstinc,Other
Nyc Ferry By,Transportation
Nyc Lpep,Transportation
Nyc Lpep Taxi,Transportation
Nyc Taxi,Transportation
Nyc Taxi B,Transportation
Nyc Taxi C,Transportation
Nyc Taxi G,Transportation
Nyc Taxi J,Transportation
Nyc Taxi P,Transportation
Nyc Taxi Y,Transportation
Nyc Taxi Yellow,Transportation
Nycdot Parking Meters,Transportation
Nyctaxi Frenchhorn Cab,Transportation
Nys Dol Ui,Other
Nys Dtf Pit,Taxes
Nysc,Gym
Nysc Bay Ridge,Gym
Nysc Bayridg Dues,Gym
Nysc West Broadway,Gym
O'Sake Japanese Restaurant Inc,Other
OASIS BAY JUAREZ,Travel
OCEAN FRUIT AND COF Queens N Y 07/14,Groceries
OCEAN FRUIT AND COFFE,Groceries
OFFICIAL CHECKS CHARGE,Fees
OMONIA CAFE NEXT DOOR,Coffee Shops
ONLINE ORDER HANDLING,Shopping
OPENAI,Other
"OPS*CSC AVALON MIDNEW YORK, NY #00000019",Other
OTF ASTORIA 0547,Gym
OVELIA PSISTARIA,Restaurants
OVERDRAFT TO INVESTOR CHECKING -4125,Other
OXXO CHILUCA CUN,Groceries
OYSHO ,Other
Oceana,Restaurants
Offer Rite Aid,Gifts
Offer Turbo Tax,Taxes
Offer:1-800-Flowers (P,Gifts
Offer:Dell (Non-In Sto,Technology
Offer:Rite Aid,Gifts
Offer:Rite Aid Pharmac,Medical
Offer:Turbo Tax,Taxes
Official Checks Charge,Fees
Old Navy,Clothing
Olive Tree,Restaurants
Olla Wine Bar,Bars
Omiya,Restaurants
Omonia Cafe,Coffee Shops
One Girl Cookies Ltd.,Food
Online Payment 13235577592 To 34,Transfer
Online Payment 13896147721 To 34,Transfer
Online Payment 14181692999 To 34,Transfer
Online Payment 14379577258 To 34,Transfer
Online Payment 14666251227 To 34,Transfer
Online Payment 14782583071 To 34,Transfer
Online Payment 15115240116 To 34,Transfer
Online Payment 15396069594 To 34,Transfer
Online Payment 15619498083 To 34,Other
Online Payment 15880452651 To 34,Transfer
Online Payment 16124713337 To 34,Transfer
Online Payment 16379631438 To 34,Transfer
Online Payment 16611446200 To 34,Transfer
Online Payment 16849246107 To 34,Transfer
Online Payment 17121772708 To 34,Transfer
Online Payment 17373788663 To 34,Transfer
Online Transfer 10219072727 to S antander ######5063 transaction #: 10219072727 09/02,Transfer
Online Transfer 10342632993 to S antander ######5063 transaction #: 10342632993 09/24,Transfer
Online Transfer 10387600850 to S antander ######5063 transaction #: 10387600850 10/01,Transfer
Online Transfer 10504480164 to S antander ######5063 transaction #: 10504480164 10/22,Transfer
Online Transfer 10720795175 to S antander ######5063 transaction #: 10720795175 11/30,Transfer
Online Transfer 10810514945 to S antander ######5063 transaction #: 10810514945 12/14,Transfer
Online Transfer 10961377645 to S antander ######5063 transaction #: 10961377645 01/07,Transfer
Online Transfer 12685588505 from Capital One #######0743 transaction #: 12685588505 09/30,Transfer
Online Transfer 9345312647 to Sa ntander ######5063 transaction #: 9345312647 03/24,Transfer
Online Transfer 9516529017 to Sa ntander ######5063 transaction #: 9516529017 04/27,Transfer
Online Transfer 9671034601 to Sa ntander ######5063 transaction #: 9671034601 05/26,Transfer
Online Transfer 9833835789 to Sa ntander ######5063 transaction #: 9833835789 06/25,Transfer
Online Transfer 9986050809 to Sa ntander ######5063 transaction #: 9986050809 07/22,Transfer
Online Transfer from SAV ...4866 transaction#: 8575500922,Transfer
Online Transfer to CHK ...2772 t ransaction#: 8575500922 08/26,Transfer
Oppa New Korean,Restaurants
Ops Csc Avalon,Other
Orig Name Axa,Insurance
Otg Jfk T,Transportation
Ovelia,Restaurants
Overdraft To Investor Checking -4125,Other
Overdraft Transfer Brokerage,Other
Overdraft Transfer from Brokerage -0852,Other
Owl Head,Other
P,Other
P 241 Bayridge Avenue,Other
P 681 8th Avenue,Other
P Kalaheo Kailua,Other
P287682 29-14 30TH AVEN ASTORIA,Other
P367333 745 SEVENTH AVE NEW YORK,Other
P408523 29-15 BROADWAY QUEENS,Other
PAG SERV Estado,Other
PAGAMENTO DE CONTA CREDITO  0180370,Credit Card Payment
PAI ISO 4 WATER ST BROOKLYN,Other
"PAI ISO 90 BOWERY ST, S NEW YORK",Other
PAI ISO X822 4TH AVE BROOKLYN,Other
PALM ROSE CAFE,Restaurants
PARAINMIGRANTES ,Other
PARK AVENUE LASEK VISION,Medical
PARKING PLAZA ESPA?A ,Other
PAYPAL           INST XFER  PYPL PAYIN4     WEB ID: PAYPALSI77,Fees
PAYPAL *1800FLOWERS,Gifts
PAYPAL *BOMBAS,Clothing
PAYPAL *BR OUTLET,Clothing
PAYPAL *EBAY US,Shopping
PAYPAL *GLOSSIER,Beauty
PAYPAL *GRUBHUBFOOD ANAIS,Restaurants
PAYPAL *GRUBHUBFOOD BAREB,Restaurants
PAYPAL *GRUBHUBFOOD BUTTE,Restaurants
PAYPAL *GRUBHUBFOOD DIG,Restaurants
PAYPAL *GRUBHUBFOOD DIGMA,Restaurants
PAYPAL *GRUBHUBFOOD DINOS,Restaurants
PAYPAL *GRUBHUBFOOD ENTHA,Restaurants
PAYPAL *GRUBHUBFOOD FIELD,Restaurants
PAYPAL *GRUBHUBFOOD JUICE,Restaurants
PAYPAL *GRUBHUBFOOD MAPLE,Restaurants
PAYPAL *GRUBHUBFOOD NAYA,Restaurants
PAYPAL *GRUBHUBFOOD PRIKT,Restaurants
PAYPAL *GRUBHUBFOOD REDPO,Restaurants
PAYPAL *GRUBHUBFOOD SUNRI,Restaurants
PAYPAL *GRUBHUBFOOD TAMME,Restaurants
PAYPAL *GRUBHUBFOOD THAIC,Restaurants
PAYPAL *GRUBHUBFOOD THONG,Restaurants
PAYPAL *HBO MAX,Streaming
PAYPAL *HEADSPACE,Health
PAYPAL *HUMANELEAGU,Transportation
PAYPAL *IPVANISH,Technology
PAYPAL *KATE SPADE,Clothing
PAYPAL *LEVELSWHEY,Gym
PAYPAL *LOCAL HONEY,Groceries
PAYPAL *MCAFEE,Technology
PAYPAL *MEMORIALSLO,Other
PAYPAL *POSHMARK,Shopping
PAYPAL *REVELA INC,Other
PAYPAL *RITE AID,Pharmacy
PAYPAL *SAM HARRIS,Entertainment
PAYPAL *SEPHORA USA,Beauty
PAYPAL *SHEIN,Clothing
PAYPAL *SPOTIFYUSAI,Streaming
PAYPAL *STARBUCKSSE,Coffee Shops
PAYPAL *UBER,Transportation
PAYPAL *ULTASALONCO,Beauty
PAYPAL TRANSFER PPD ID: PAYPALSD11,Transfer
PB LIC LLC,Other
PENDING,Other
PETER WINE & LIQUOR.,Alcohol
PETZINGERS 2 BROOKLYN,Groceries
PHARMAOPORT MEX,Pharmacy
PIE IN THE SKY BAKERY,Food
PIZZA BEACH LOWER EASTSI,Restaurants
PLAZA ORTEGA,Other
PLUMBENEFITS.COM,Services
POCHANA.,Restaurants
POSHMARK,Shopping
POSITANO,Restaurants
PP*EB BOOGIE DOWN AT A R,Entertainment
PP*THEATREXIV,Entertainment
PRET A MANGER 035,Restaurants
PRICE CHOICE 2304,Groceries
PROPER FOOD,Restaurants
PUJOL,Restaurants
PUNCH BAR-WINES UP,Bars
PYE BOAT NOODLE,Restaurants
Pai Iso 50 Stillwell Avenue,Restaurants
Paleobull,Groceries
Palm House Cafe,Coffee Shops
Panda Express,Restaurants
Panera Bread,Restaurants
Papa John's,Other
Papillon,Other
Pappardella,Restaurants
Papyrus,Shopping
Parachute,Other
Paradise,Other
Parisi,Restaurants
Party City,Shopping
Pashazade,Restaurants
Pastabilities,Restaurants
Patagonia,Clothing
Path Smartcard Srt,Transportation
Pathtvm Pavonia Newpo,Transportation
Patisserie,Food
Pavilions,Groceries
PayPal,Transfer
Payment Thank You - Web,Other
Payment Thank You-Mobile,Utilities
Payment from Pablo Vazquez Garcia,Transfer
Payment from Vazquez Garcia Pablo,Transfer
Payment to Chase card ending in,Credit Card Payment
Paypal Transfer Ppd,Transfer
Payroll Contribution,Income
Payup*amazo,Shopping
People Lounge,Bars
Performer,Entertainment
Petco,Pets
Piktochart,Technology
Piktochart Malaysia,Travel
Pinto,Auto
Plaza Candy,Food
Point,Other
Point Brazil,Restaurants
Poke Bowl Ny,Restaurants
Pongsri Thai Restaurant Corp,Restaurants
Popcorn,Food
Portillos Hot Dogs,Restaurants
Poshmark,Shopping
Posies,Other
Powerhouse Arena,Entertainment
Pp Littlepeppe,Other
Premierbb,Other
Pret A Manger,Restaurants
Priceline,Travel
Princeton Club N,Gym
Princeton Club New,Gym
Princeton Club Ny,Gym
ProFlowers,Gifts
Public House,Bars
Public Library,Education
Purchase Inc,Other
QUEENS BORO PUB LIBRAR,Bars
Qdoba Mexican Grill,Restaurants
QuickPay with Zelle payment from MISPA HAQUE 8348871716,Transfer
QuickPay with Zelle payment from RICHARD GEE 8213455198,Transfer
QuickPay with Zelle payment from RICHARD GEE 8268530635,Transfer
QuickPay with Zelle payment from RICHARD GEE 8316470421,Transfer
QuickPay with Zelle payment from RICHARD GEE 8350416152,Transfer
QuickPay with Zelle payment to J OSE A ASTURIAS 8648368873,Transfer
QuickPay with Zelle payment to L ori 8394154214,Transfer
QuickPay with Zelle payment to R ICHARD GEE 10195975229,Transfer
QuickPay with Zelle payment to R ICHARD GEE 10645397019,Transfer
QuickPay with Zelle payment to R ICHARD GEE 10663291371,Transfer
QuickPay with Zelle payment to R ICHARD GEE 10918222571,Transfer
QuickPay with Zelle payment to R ICHARD GEE 8349232115,Transfer
QuickPay with Zelle payment to R ICHARD GEE 8452293313,Transfer
QuickPay with Zelle payment to R ICHARD GEE 8571161499,Transfer
QuickPay with Zelle payment to R ICHARD GEE 8678466459,Transfer
QuickPay with Zelle payment to R ICHARD GEE 8901950508,Transfer
QuickPay with Zelle payment to R ICHARD GEE 8949370942,Transfer
QuickPay with Zelle payment to R ICHARD GEE 9222982788,Transfer
QuickPay with Zelle payment to R ICHARD GEE 9571382524,Transfer
QuickPay with Zelle payment to R ICHARD GEE 9915871476,Transfer
QuickPay with Zelle payment to R ena Soogrim 10128973867,Transfer
Quickpay With Zelle,Transfer
R O K,Other
RALPH'S ICE OF ASTORIA,Other
REBOUND RET,Fitness
RECIBO DIGI SPAIN TELECOM SL Nº RECIBO 0073 0100 755 BYWJQBG REF. MANDATO 00116337810000000000000000,Utilities
RED POKE - MIDTOWN New York NY 07/29,Restaurants
REMOTE ONLINE DEPOSIT #,Income
REMOTE ONLINE DEPOSIT # 1 1,Income
RENFE CERCANIAS TNA 3 ,ATM
RESCUE SPA,Beauty
RESCUE SPA NEW YORK,Beauty
REST CLAVOS BRAVOS,Restaurants
REST DON BATIZ POLANCO,Restaurants
REST GIN GIN ALVARO OB,Restaurants
REST MADRE CAFE,Restaurants
REST PACIFICA,Restaurants
REST REVOLUCION 21,Restaurants
REST ROSETTA,Restaurants
RITUAL ONE,Gym
ROGUEFITNES,Gym
Raaz,Restaurants
Radio City Pizz,Restaurants
Rainhas Churrascaria,Restaurants
Ramen Thukpa,Restaurants
Rare Bar & Grill,Restaurants
Rasa,Restaurants
Red Mango,Food
Red Poke,Restaurants
Red Poke Mid,Restaurants
Redemption,Other
Redstarpubl,Bars
Reebok,Clothing
Remote Online Deposit,Income
Renfe Cercanias Tna 28,Transportation
Renfe Virtual Internet,Other
Rest Nicksan,Restaurants
Rest Serran Meat,Restaurants
Restaurant Anejo Limon,Restaurants
Restaurant Ass,Restaurants
Restaurant Mediterraneo Inc.,Restaurants
Returned Item Fee,Fees
Revolut Ltd,Other
"Revolut*XXXX* XXX-XXXX, X1 #000",Credit Card Payment
Ricky Nyc,Other
Rippers Queens Ny,Bars
Rite Aid,Pharmacy
Rite Aid Brooklyn,Pharmacy
Roast Kitchen,Restaurants
Roasters,Restaurants
Rockaway Jet Ski LLC,Entertainment
Roppongi Fukuzushi,Restaurants
S S P Emirates Llc,ATM
SABON 1371 6TH AVE NEW YORK,Beauty
SAI ORGANICS 3021 30TH ASTORIA,Groceries
SAI ORGANICS ASTORIA NY 01/23,Groceries
SAI ORGANICS7182781726,Groceries
SALA ONE NINE,Restaurants
SALUTE INTERNAL,Other
SANTANDER BANCO SANTAND BENITO JUAREZ,Bank Fees
SANTANDER BANK   PAYMENT    CHRI,Credit Card Payment
SANTBK CK WEBXFR TNTRANSFER 3987 810251 WEB ID: 3770527921,Transfer
SANTBK CK WEBXFR TNTRANSFER 4026 733001 WEB ID: 3770527921,Transfer
SANTBK CK WEBXFR TNTRANSFER 6227,Transfer
SANTBK CK WEBXFR TNTRANSFER 6721,Transfer
SCHMACKARY'S HK,Other
SCHWAB BANK      TRANSFER   0004,Transfer
SCHWAB BANK TRANSFER 0004 40024774125 WEB ID: 3615220001,Transfer
SCHWAB BROKERAGE MONEYLINK 5586 22444610852 WEB ID: 9005586224,Investments
SCHWAB INTERMEDIATE TERMUS TRS ETF,Investments
SCHWAB INTERNATIONAL EQUITY ETF,Investments
SCHWAB S&P 500 INDEX,Investments
SCHWAB S&P 500 INDEX FD,Investments
SCHWAB US LARGE CAP VALUE ETF,Investments
SCHWAB US SMALL CAP ETF,Investments
"SEKEND SUN ASTORIA, NY #000000190",Other
SERVEO SERVICIOS SA ,Other
SERVICE FEE REVERSAL,Fees
SEVA INDIAN CUISINE,Restaurants
SHEIN.COM,Clothing
"SHON 45 WINE SPIRNEW YORK, NY #00000019",Bars
SIREN54913,Other
SLHOMEWORK HOMEWO,Education
SNOWDAYS,Food
SOFT SWERVE,Food
SOTTO LA LUNA,Restaurants
SP * TASTE WINE NYC NEW YORK NY 08/24,Bars
SPA 88,Other
SPA CASTLE,Gym
SPDR DOW JONES INDUSTRIAL AVRG ETF,Investments
SPDR DOW JONES INT REAL EST ETF,Investments
SPDR DOW JONES INTER REAL ESTATE ETF,Investments
SPDR S&P 500 HIGH DIVIDEND ETF,Investments
SPDR S&P 500 HIGH DIVIDEND ETF IV,Investments
SPECTRUM,Utilities
SPL*Bared Monkey Laser Sp,Beauty
SQ *CASCATA RESTAURANT &,Restaurants
SQ *CHIP CITY - ASTORIA,Food
SQ *FISHTOWN JEWELERS Philadelphia PA,Shopping
SQ *FOCUS HEALTH CORP.,Medical
SQ *LA COLOMBE FISHTOWN,Coffee Shops
SQ *LK ADVANCED DENTISTRY,Medical
SQ *PALM ROSE CAFE,Coffee Shops
SQ *PATIS BAKERY,Food
SQ *SPRUCE STREET HARB Philadelphia PA,Shopping
SQ *TADA NOODLES,Food
SQ *TWISTER CAKE NYC INC,Food
SQ *UNDER PRESSURE ESPRES,Coffee Shops
ST KILDA COFFEE,Coffee Shops
STADIUM UAT PARTY,Entertainment
STOP AND SHOP,Groceries
STRAND AT COLUMBUS,Other
STRONGER AB,Gym
SUC CHAPULTEPEC SUC CHA CDMX,Restaurants
SUC CHAPULTEPEC SUC CHA CUAUHTEMOC,Restaurants
SUGAR FREAK,Restaurants
SUGARFISH BY SUSHI NOZAW,Restaurants
SUMESA COLIMA,Groceries
SUPER FRESH,Groceries
SUSHI KATSUEI NYC,Restaurants
SWINGERS CRAZY GOLF,Entertainment
Safelink Wireless,Utilities
Safeway,Groceries
Saffron Indian Cuisine,Restaurants
Sakura Japanese Restaurant,Restaurants
Sally Beauty Supply,Beauty
Salvation Army,Gifts
Santander Broadwa,Other
Santander Broadway,Bank
Saraghina,Restaurants
Sarku Japan,Restaurants
Sbarro,Restaurants
School Products,Education
Schwab,Bank
Schwab Bank P,Bank
Schwab Bank Transfer,Transfer
Schwab Brokerage Moneylink,Investments
Schwab Intermediate Termus Trs Etf,Investments
Schwab International Equity Etf,Investments
Schwab Us Large Cap Value Etf,Investments
Schwab Us Small Cap Etf,Investments
SeatGeek_Tickets,Entertainment
Semsom,Restaurants
Sephora,Beauty
Sephora New York,Beauty
Service Fee Reversal,Fees
Sevenoneeig,Other
Shang Hai City Corp,Other
Shangri La Vegetarian,Restaurants
Shangri-La Vegetarian Inc,Restaurants
Shankar Brothers,Other
Shethinx Com,Clothing
Shoe Freak,Clothing
Shon Wine Spir,Alcohol
Showroom Outlet,Shopping
Shutterfly,Shopping
Side Dish Cafe,Coffee Shops
Silvana,Restaurants
Simple Nyc,Other
Siren,Coffee Shops
Skype,Technology
Smith Cen,Other
Snowdays Flushing,Food
Socarrat Nolita,Restaurants
Soft Swerve,Food
Soho Park,Restaurants
Something Greek,Clothing
Southwest Airlines,Transportation
Sp Glossier Pop,Beauty
Sp Yang Merchttpsandrewya,Shopping
Spa Castle,Entertainment
Spdr Dow Jones Industrial Avrg Etf,Investments
Spdr Dow Jones Industrial Avrg Etf @,Investments
Spdr Dow Jones Int Real Est Etf,Investments
Spdr Dow Jones Inter Real Estate Etf,Investments
Spdr S&p 500 High Dividend Etf,Investments
Spectrum,Utilities
Spencer Sherman MD,Medical
Spice,Groceries
Spiga Ristorante Italiano,Restaurants
Spirit Halloween,Shopping
Spk Spokeo,Other
Spl Bared Monkey,Other
Spotify,Streaming
Sq Babo Teahouse,Coffee Shops
Sq Bakery Bibble,Food
Sq Blue Bottle,Coffee Shops
Sq Liddabit Sweets,Food
Sq Smoke Go,Other
Starbucks,Coffee Shops
Starbucks Coffee,Coffee Shops
Steam Games,Entertainment
Steve Madden,Clothing
Steves,Other
Stop & Shop,Groceries
Stout,Bars
Strand Hotel,Travel
Stronger Ab,Gym
Stubhub,Entertainment
Subway,Food
Sugar,Groceries
Sunset Market,Groceries
Super Fresh,Groceries
Sushi Seki,Restaurants
Swappa,Shopping
Sweet Afton,Bars
Sweetcatch Poke Bar,Restaurants
Sweetgreen 85th,Restaurants
Sweetgreen Nol Ny,Restaurants
Sweets By Chloe,Restaurants
Swervepoint.com Charges,Shopping
Swoon Kitchenbar,Restaurants
Sylvia's Restaurant,Other
Synergym Oviedo,Gym
Synergym Oviedo ,Other
T J MAXX #1163,Shopping
T J Maxx,Shopping
T J Maxx 250 West 57th,Shopping
T-Mobile,Utilities
TAIMW22NDST,Coffee Shops
TDA EXPRESS,Transportation
TEA AND MILK,Coffee Shops
THAI VILLA,Restaurants
THE ASTORIA BOOKSHOP,Shopping
THE BONNIE,Bars
THE DITTY,Entertainment
THE FLATIRON ROOM,Bars
THE GARRET ,Other
THE HIGHWATER,Bars
THE HOPE PROGRAM,Other
THE MEATBALL SHOP,Restaurants
THE SENECA QUEENS,Other
THE SMITH NOMAD,Restaurants
THE STACKERY,Food
THE WHITNEY MUSEUM ONLINE,Entertainment
THE WINDJAMMER,Other
THUMBELINA'S PANTRY L,Other
TING* INV#MI-1056046,Utilities
TING* INV#MI-1191660,Utilities
TING* INV#MI-1325566,Utilities
TING* INV#MI-1458419,Utilities
TING* INV#MI-918663,Utilities
TJ Maxx,Clothing
TONIC TIMES SQUARE,Bars
TRADE FAIR #1 30-08 30T ASTORIA,Groceries
TRADE FAIR #7,Groceries
TRADE FAIR #7 23-55 BRO LONG ISLAND C,Groceries
TRADE FAIR #7 LONG ISLAND C NY 05/20,Groceries
TRADE FAIR #7 LONG ISLAND C NY 08/10,Groceries
TRADE FAIR #7 LONG ISLAND C NY 08/25,Groceries
TRANSFER FUNDS FROM SCHWAB BANK - 440024774125,Transfer
TRANSFER FUNDS TO SCHWAB BANK - 440024774125,Transfer
TRANSFERENCIA A FAVOR DE ANTONIO HERRERO ESTEVEZ CONCEPTO: EFECTIVO VIAJE INDIA ,Food
TRANSFERENCIA A FAVOR DE VAZQUEZ GARCIA PABLO ,Food
"TRANSFERENCIA DE ANTONIO HERRERO ESTEVEZ, CONCEPTO Excusme sir ",Other
"TRANSFERENCIA DE GARCIA RODRIGUEZ MARIA JESUS, CONCEPTO ",Transfer
"TRANSFERENCIA DE GARCIA RODRIGUEZ MARIA JESUS, CONCEPTO PAGO COMPRA ",Transfer
"TRANSFERENCIA DE MARCOS VAZQUEZ GARCIA, CONCEPTO PAGO ZELLE ",Other
TRF CRED SEPA+ DE ENKRATEIA UNIPESSOAL LDA ZONA FRANCA DA MA,Restaurants
TRF CRED SEPA+ DE MADEIRA LEGACY MADEIRA LEGACY,Other
TRF CRED SEPA+ P/ PABLO VAZQUEZ P/ PABLO VAZQUEZ,Transfer
TRF CRED SEPA+ P/ PABLO VAZQUEZ P/ PABLO VAZQUEZ P/ PABLO VAZQUEZ,Other
TRF CRED SEPA+ P/ REVOLUT PABLO VAZQUEZ P/ REVOLUT PABLO VAZ,Transfer
TRF CRED SEPA+ P/ Wise Europe SA P/ Wise Europe SA,Transfer
TRF CRED SEPA+ PABLO VAZQUEZ P/ NEWO CORPORATE SERVICES SA,Medical
TST* AINSLIE,Restaurants
TST* AMPLE HILLS CREAMERY,Food
TST* BARN JOO - 35,Restaurants
TST* CHINESE TUXEDO,Restaurants
TST* DINO S PIZZA & PASTA,Food
TST* Easy Tiger - Eastsid,Bars
TST* FORREST POINT,Bars
TST* FUKU - HUDSON YARDS,Restaurants
TST* Fotografiska,Entertainment
TST* Graduate Roosevelt I,Housing
TST* INTELLIGENTSIA COFFE,Coffee Shops
TST* JUICELAND - E. CESAR,Food
TST* LA GRANDE BOUCHERIE,Restaurants
TST* LEMON S,Food
TST* Little Flower,Food
TST* LumLum,Other
TST* MAGNOLIA BAKERY - RO,Food
TST* MALA PROJECT - EAST,Food
TST* MILK BAR - NOMAD,Food
TST* Murray Hill - HIT New York NY,Food
TST* NOWADAYS,Other
"TST* PARIS BAGUETTE - AASTORIA, #0000",Food
TST* Siri Fort Inc,Restaurants
TST* Suraya Philadelphia PA,Restaurants
TST* TAILGATE BROOKLYN,Restaurants
TST* TIKI CHICK,Restaurants
TST* VANILLA GORILLA CAFE,Coffee Shops
TST* VITE VINOSTERIA ASTORIA NY,Gym
TST* Vesta Trattoria And,Restaurants
TVX Schiphol 4 Netherlands,Travel
Taiyaki Nyc,Food
Take,Other
Talbots,Clothing
Tamashii,Restaurants
Tanoreen,Restaurants
Tanta,Restaurants
Taquiza,Restaurants
Target,Shopping
Tasca Chino,Restaurants
Tata Starbucks Private,Coffee Shops
Taxi Svc,Transportation
Taxi Svc 25 36th Street,Transportation
Taxi Svc New,Transportation
Taxis On Booking,Transportation
Td Bank Park 269 5th Avenue,Other
Teachers Choice,Education
Telecharge Svce,Entertainment
Telephone transfer from SAV XXXX,Transfer
Ten Bells,Bars
Tenzan,Restaurants
Teresa,Restaurants
Teresas,Other
Tfi Ticketfly Even,Entertainment
"Tfr JPMORGAN CHASE BAN, CHRISTINA GEE",Credit Card Payment
"Tfr Jpmorgan Chase Ban, Christina Gee",Credit Card Payment
"Tfr Jpmorgan Chase, Christina Gee",Credit Card Payment
Thai Farmers Ba,Other
Thai Market,Groceries
Thank You Mobile,Other
The Australian,Restaurants
The Body Shop,Entertainment
The Breakers Motel,Travel
The Coffee Club Sbia I,Coffee Shops
The Pho 2 Inc,Restaurants
The Sahel LLC,Other
The Wayland,Bars
Theory,Clothing
Therealreal Epay Ppd,Shopping
Third Avenue Discount,Shopping
Tib Mercer St,Other
Ticketmaster,Entertainment
Tickets Usa,Entertainment
Time Warner,Utilities
Tiyainaga-Denn Ginnza,Restaurants
Tmania,Other
To 34 20 Realty LLC 01/25,Housing
To 34 20 Realty LLC 02/22,Housing
To 34 20 Realty LLC 03/25,Housing
To 34 20 Realty LLC 04/23,Housing
To 34 20 Realty LLC 05/24,Housing
To 34 20 Realty LLC 06/24,Housing
To 34 20 Realty LLC 07/26,Housing
To 34 20 Realty LLC 08/25,Housing
To 34 20 Realty LLC 09/24,Housing
To 34 20 Realty LLC 09/25,Housing
To 34 20 Realty LLC 10/26,Housing
To 34 20 Realty LLC 11/23,Housing
To 34 20 Realty LLC 12/24,Housing
To 342 0 Realty LLC 01/24,Housing
To 342 0 Realty LLC 02/21,Housing
To 342 0 Realty LLC 03/26,Housing
To 342 0 Realty LLC 04/24,Housing
To 342 0 Realty LLC 05/26,Housing
To 342 0 Realty LLC 06/25,Housing
To 342 0 Realty LLC 07/24,Housing
To 342 0 Realty LLC 08/08,Housing
To 342 0 Realty LLC 08/26,Housing
To 342 0 Realty LLC 09/20,Housing
To 342 0 Realty LLC 10/25,Housing
To 342 0 Realty LLC 11/21,Housing
To 342 0 Realty LLC 12/23,Housing
To DIS COVERY BENEFITS 04/28,Insurance
Toastmasters Renew We,Other
Tokaikiyosuku Kiyosuku,Other
Tomino,Other
Tonchin Ramen,Restaurants
Tortuga,Other
Trader Joe's,Other
Transfer,Transfer
Transfer Funds To Schwab Bank - 440024774125,Transfer
Transfer from CHASE COLLEGE,Transfer
Transfer from CHASE FREEDOM UNLIMITED,Transfer
Transfer from CHASE SAPPHIRE PREFERRED,Transfer
Transfer from CHASE SAVINGS,Transfer
Transfer from CREDIT CARD,Credit Card Payment
Transfer from Dream,Transfer
Transfer from TOTAL CHECKING,Transfer
Transfer to CHASE COLLEGE,Transfer
Transfer to CHASE FREEDOM SIGNATURE,Transfer
Transfer to CHASE FREEDOM UNLIMITED,Transfer
Transfer to CHASE SAPPHIRE PREFERRED,Transfer
Transfer to CHASE SAVINGS,Transfer
Transfer to CHASE SLATE,Transfer
Transfer to CREDIT CARD,Credit Card Payment
Transfer to TOTAL CHECKING,Transfer
Travel Reward,Travel
Triad Theater,Entertainment
Tst Cecil,Other
Tst Magnolia Bake,Food
Turbo Tax,Taxes
Twenty Four Seven,Groceries
UAPC OF CUNY,Education
UBERPAYMENT,Transportation
UDEMY: ONLINE COURSES,Shopping
"UNDER PRESSUREASTORIA, NY #000000190",Other
"UNIQLO NY 5TH AVE NEW YORK, NY #00000019",Clothing
UNITED BROTHERS FRUIT MAR,Groceries
UQ 5TH AVE US0031,Shopping
USCUSTOMS TRUSTEDTRAVELER,Travel
USPS,Services
USPS KIOSK ...551 NEW YORK,Services
Uber,Transportation
Uber * Pending,Transportation
Uber *trip Help.uber.c,Transportation
Uber.com,Transportation
Ubertechnol,Technology
Udon West,Restaurants
Ugly Duckling,Beauty
Umami Shoppu,Groceries
Uncle Drink,Bars
Under Pressure,Other
Uniqlo,Clothing
Uniqlo Atlantic Term,Clothing
Uniqlo Co Ltd,Clothing
Uniqlo Ny 5th,Clothing
Uniqlo Skyview Ctr,Clothing
Uniqlo Times Sq,Clothing
Uniqlo USA LLC,Clothing
United,Transportation
United Airlines,Transportation
United Brothers Fruit,Groceries
United Healthcare,Insurance
United Healthcare Part,Insurance
United Way,Charity
Uva,Other
VANGUARD BUY     INVESTMENT,Investment
VANGUARD BUY     INVESTMENT 9615,Investment
VANGUARD EDI PYMNTS PPD ID: 9231945930,Investment
VANGUARD SELL INVESTMENT PPD ID: VMC RED,Investment
VENMO            CASHOUT,Cashback
VENMO            PAYMENT    1018,Other
VENMO            PAYMENT    1019,Other
VENMO            PAYMENT    1020,Other
VENMO            PAYMENT    1021,Other
VENMO            PAYMENT    1022,Other
VENMO            PAYMENT    1023,Other
VENMO            PAYMENT    1024,Other
VENMO            PAYMENT    1025,Other
VENMO            PAYMENT    1026,Other
VENMO            PAYMENT    1027,Other
VENMO CASHOUT PPD ID: 5264681992,Transfer
VERIZON*ONETIMEPAY,Utilities
VERIZON*ONETIMEPAY VERIZON.COM F,Utilities
VIMAL PATHAK     IAT PAYPAL 1024786102736   WEB ID: 770510487C,Fees
VIV,Other
Vanguard,Other
Vanguard Extended Market Index Instl,Investments
Vanguard Institutional Index I,Investments
Vanguard Total Intl Stock Index Admiral,Investments
Variety Graham,Other
Vb,Other
Venchi 1796 Broadway LLC,Restaurants
Venmo,Transfer
Venmo Cashout Ccd,Transfer
Venmo Cashout Ppd,Cashback
Venmo Ccd Id,Transfer
Ventra Vending,Transportation
Verizon,Utilities
Vesuvio Restaurant,Restaurants
Vesuvio Restaurant Pizzer,Restaurants
Via,Transportation
Viator,Transportation
Viatortripadvisor Uk,Transportation
Victoria's Secret,Other
Vida Cantina,Restaurants
Villa Pizza,Restaurants
Vinny's Pet Shop,Other
Virage,Other
Vision Direct,Pharmacy
VistaPrint,Shopping
Voyaginptel,Travel
W 135 West 50th,Other
"WAFFLE CART FOBROOKLYN, NY #00000019",Food
WALGREENS #1180,Pharmacy
WALGREENS #1180 LONG ISLAND C NY             05/19,Pharmacy
WALGREENS STORE 3355 CR LONG ISLAND C,Pharmacy
WHIT?S END,Other
WHOLEFDS BPK #XX X095 6 NEW YORK,Groceries
WHOLEFDS CIR 10160,Groceries
WHOLEFDS MTE #10408,Groceries
WHOLEFDS PCC #10514,Groceries
WHOLEFDS USQ 10162,Groceries
WIKIPEDIA,Education
WINE STOP,Other
WISH,Shopping
WITHDRAWAL 07/01,ATM
WOLFGANG PUCK KITCHEN,Restaurants
WORLDWIDE INSURANCE SE,Insurance
WORLDWIDE INSURANCE SERVI,Insurance
WWW.CLUBFREETIME.COM,Entertainment
Wagamama USA LLC,Restaurants
"WageWorks, Inc WEB PMTS TXYZ RD WEB ID: 9000010047",Services
Wal-Mart,Shopping
Walgreens,Pharmacy
Watawa Japanese Re,Restaurants
Waypoint,Other
Wcs Adm Centrl,Other
Wendy's,Other
Westside Supermarket,Groceries
Westville,Restaurants
Whole Foods,Groceries
Wild Son,Restaurants
Wine & Liquors,Alcohol
Wine & Spirits,Alcohol
Wireless,Technology
Wish,Shopping
Withdrawal,ATM
Wlj America,Other
Woori Jip,Restaurants
Woorijip,Restaurants
Worldtone Dance,Entertainment
Worldwide Insurance Servi,Insurance
Worldwide Insurance Services,Insurance
Wowpointscom Restaurant,Restaurants
Wren,Clothing
Writermikey,Other
Www Clubfreetime.com,Entertainment
XIAN FAMOUS FOOD,Restaurants
Xian Famous Foods,Restaurants
Xin Restaurant,Restaurants
Y Ridge Rx,Pharmacy
YAKINIKU TOHBAY,Restaurants
"YAYA TEA G NEW YORK, NY #00000019",Coffee Shops
Yama,Restaurants
Yaya Tea Grand,Coffee Shops
Yellow Cab,Transportation
Yips Restaurant,Restaurants
Young Moes Llc,Other
Yours Car Service,Transportation
Yuan,Other
Yummi Thai,Restaurants
Zabar's,Other
Zappos,Clothing
Zara,Clothing
Zara Usa Inc.,Clothing
Zelle payment from WILSON MAI 13 139769433,Transfer
Zelle payment to Pablo Vazquez 1 2290876421,Transfer
Zelle payment to Pablo Vazquez 1 2336207853,Transfer
Zelle payment to RICHARD GEE 125 77158322,Transfer
Zelle payment to RICHARD GEE 125 91194564,Transfer
Zelle payment to RICHARD GEE 131 15977387,Transfer
Zelle payment to RICHARD GEE 139,Transfer
Zelle payment to RICHARD GEE 140,Transfer
Zelle payment to RICHARD GEE 142,Transfer
Zelle payment to RICHARD GEE 146,Transfer
Zelle payment to RICHARD GEE 154,Transfer
Zelle payment to RICHARD GEE 161,Transfer
Zelle payment to RICHARD GEE 170,Transfer
Zibetto Espresso Bar Inc,Coffee Shops
Zibetto Espresso Bnew,Coffee Shops
__7TH AVENUE PHARMACY,Pharmacy
eBay,Shopping
iTunes,Technology
www.grab.com,Transportation
